"","ImageName","ImageID","IMGsource","ForPilot","subFolder","pathGE"
"1","2015-07-25 09.07.10_preview.jpg","11.jpg","Julia",0,"images_2-23-23/","images_2-23-23/11.jpg"
"2","2015-08-14 15.29.15_preview.jpg","14.jpg","Julia",0,"images_2-23-23/","images_2-23-23/14.jpg"
"3","2018-04-04 16.14.43_preview.jpg","95.jpg","Julia",0,"images_2-23-23/","images_2-23-23/95.jpg"
"4","2018-04-04 16.22.40_preview.jpg","100.jpg","Julia",0,"images_2-23-23/","images_2-23-23/100.jpg"
"5","2018-04-06 06.59.36_preview.jpg","113.jpg","Julia",0,"images_2-23-23/","images_2-23-23/113.jpg"
"6","2018-04-06 07.43.35_preview.jpg","117.jpg","Julia",0,"images_2-23-23/","images_2-23-23/117.jpg"
"7","517.jpg","135.jpg","Julia",0,"images_2-23-23/","images_2-23-23/135.jpg"
"8","518.jpg","136.jpg","Julia",0,"images_2-23-23/","images_2-23-23/136.jpg"
"9","image00058.jpg","266.jpg","Julia",0,"images_2-23-23/","images_2-23-23/266.jpg"
"10","image00096.jpg","304.jpg","Julia",0,"images_2-23-23/","images_2-23-23/304.jpg"
"11","image00112.jpg","320.jpg","Julia",0,"images_2-23-23/","images_2-23-23/320.jpg"
"12","image00153.jpg","361.jpg","Julia",0,"images_2-23-23/","images_2-23-23/361.jpg"
"13","image00167.jpg","375.jpg","Julia",0,"images_2-23-23/","images_2-23-23/375.jpg"
"14","image00194.jpg","402.jpg","Julia",0,"images_2-23-23/","images_2-23-23/402.jpg"
"15","image00202.jpg","410.jpg","Julia",0,"images_2-23-23/","images_2-23-23/410.jpg"
"16","image00219.jpg","427.jpg","Julia",0,"images_2-23-23/","images_2-23-23/427.jpg"
"17","image00227.jpg","435.jpg","Julia",0,"images_2-23-23/","images_2-23-23/435.jpg"
"18","image00238.jpg","446.jpg","Julia",0,"images_2-23-23/","images_2-23-23/446.jpg"
"19","image00292.jpg","500.jpg","Julia",0,"images_2-23-23/","images_2-23-23/500.jpg"
"20","image00296.jpg","504.jpg","Julia",0,"images_2-23-23/","images_2-23-23/504.jpg"
"21","image00323.jpg","531.jpg","Julia",0,"images_2-23-23/","images_2-23-23/531.jpg"
"22","image00346.jpg","554.jpg","Julia",0,"images_2-23-23/","images_2-23-23/554.jpg"
"23","image_1028.jpg","601.jpg","Michael",0,"images_2-23-23/","images_2-23-23/601.jpg"
"24","image_1043.jpg","618.jpg","Michael",0,"images_2-23-23/","images_2-23-23/618.jpg"
"25","image_1060.jpg","637.jpg","Michael",0,"images_2-23-23/","images_2-23-23/637.jpg"
"26","image_107.jpg","647.jpg","Michael",0,"images_2-23-23/","images_2-23-23/647.jpg"
"27","image_109.jpg","669.jpg","Michael",0,"images_2-23-23/","images_2-23-23/669.jpg"
"28","image_1098.jpg","678.jpg","Michael",0,"images_2-23-23/","images_2-23-23/678.jpg"
"29","image_11.jpg","680.jpg","Michael",0,"images_2-23-23/","images_2-23-23/680.jpg"
"30","image_113.jpg","714.jpg","Michael",0,"images_2-23-23/","images_2-23-23/714.jpg"
"31","image_1145.jpg","731.jpg","Michael",0,"images_2-23-23/","images_2-23-23/731.jpg"
"32","image_1219.jpg","813.jpg","Michael",0,"images_2-23-23/","images_2-23-23/813.jpg"
"33","image_1246.jpg","843.jpg","Michael",0,"images_2-23-23/","images_2-23-23/843.jpg"
"34","image_1251.jpg","849.jpg","Michael",0,"images_2-23-23/","images_2-23-23/849.jpg"
"35","image_134.jpg","947.jpg","Michael",0,"images_2-23-23/","images_2-23-23/947.jpg"
"36","image_1351.jpg","960.jpg","Michael",0,"images_2-23-23/","images_2-23-23/960.jpg"
"37","image_1352.jpg","961.jpg","Michael",0,"images_2-23-23/","images_2-23-23/961.jpg"
"38","image_1354.jpg","963.jpg","Michael",0,"images_2-23-23/","images_2-23-23/963.jpg"
"39","image_1365.jpg","975.jpg","Michael",0,"images_2-23-23/","images_2-23-23/975.jpg"
"40","image_1398.jpg","1011.jpg","Michael",0,"images_2-23-23/","images_2-23-23/1011.jpg"
"41","image_14.jpg","1013.jpg","Michael",0,"images_2-23-23/","images_2-23-23/1013.jpg"
"42","image_1404.jpg","1019.jpg","Michael",0,"images_2-23-23/","images_2-23-23/1019.jpg"
"43","image_1469.jpg","1090.jpg","Michael",0,"images_2-23-23/","images_2-23-23/1090.jpg"
"44","image_18.jpg","1191.jpg","Michael",0,"images_2-23-23/","images_2-23-23/1191.jpg"
"45","image_183.jpg","1195.jpg","Michael",0,"images_2-23-23/","images_2-23-23/1195.jpg"
"46","image_187.jpg","1199.jpg","Michael",0,"images_2-23-23/","images_2-23-23/1199.jpg"
"47","image_261.jpg","1282.jpg","Michael",0,"images_2-23-23/","images_2-23-23/1282.jpg"
"48","image_28.jpg","1302.jpg","Michael",0,"images_2-23-23/","images_2-23-23/1302.jpg"
"49","image_304.jpg","1330.jpg","Michael",0,"images_2-23-23/","images_2-23-23/1330.jpg"
"50","image_33.jpg","1358.jpg","Michael",0,"images_2-23-23/","images_2-23-23/1358.jpg"
"51","image_359.jpg","1390.jpg","Michael",0,"images_2-23-23/","images_2-23-23/1390.jpg"
"52","image_376.jpg","1409.jpg","Michael",0,"images_2-23-23/","images_2-23-23/1409.jpg"
"53","image_398.jpg","1433.jpg","Michael",0,"images_2-23-23/","images_2-23-23/1433.jpg"
"54","image_443.jpg","1484.jpg","Michael",0,"images_2-23-23/","images_2-23-23/1484.jpg"
"55","image_455.jpg","1497.jpg","Michael",0,"images_2-23-23/","images_2-23-23/1497.jpg"
"56","image_500.jpg","1548.jpg","Michael",0,"images_2-23-23/","images_2-23-23/1548.jpg"
"57","image_503.jpg","1551.jpg","Michael",0,"images_2-23-23/","images_2-23-23/1551.jpg"
"58","image_514.jpg","1563.jpg","Michael",0,"images_2-23-23/","images_2-23-23/1563.jpg"
"59","image_61.jpg","1669.jpg","Michael",0,"images_2-23-23/","images_2-23-23/1669.jpg"
"60","image_622.jpg","1683.jpg","Michael",0,"images_2-23-23/","images_2-23-23/1683.jpg"
"61","image_675.jpg","1741.jpg","Michael",0,"images_2-23-23/","images_2-23-23/1741.jpg"
"62","image_686.jpg","1753.jpg","Michael",0,"images_2-23-23/","images_2-23-23/1753.jpg"
"63","image_711.jpg","1782.jpg","Michael",0,"images_2-23-23/","images_2-23-23/1782.jpg"
"64","image_72.jpg","1791.jpg","Michael",0,"images_2-23-23/","images_2-23-23/1791.jpg"
"65","image_722.jpg","1794.jpg","Michael",0,"images_2-23-23/","images_2-23-23/1794.jpg"
"66","image_73.jpg","1802.jpg","Michael",0,"images_2-23-23/","images_2-23-23/1802.jpg"
"67","image_760.jpg","1836.jpg","Michael",0,"images_2-23-23/","images_2-23-23/1836.jpg"
"68","image_780.jpg","1858.jpg","Michael",0,"images_2-23-23/","images_2-23-23/1858.jpg"
"69","image_79.jpg","1868.jpg","Michael",0,"images_2-23-23/","images_2-23-23/1868.jpg"
"70","image_796.jpg","1875.jpg","Michael",0,"images_2-23-23/","images_2-23-23/1875.jpg"
"71","image_816.jpg","1898.jpg","Michael",0,"images_2-23-23/","images_2-23-23/1898.jpg"
"72","image_84.jpg","1924.jpg","Michael",0,"images_2-23-23/","images_2-23-23/1924.jpg"
"73","image_842.jpg","1927.jpg","Michael",0,"images_2-23-23/","images_2-23-23/1927.jpg"
"74","image_856.jpg","1942.jpg","Michael",0,"images_2-23-23/","images_2-23-23/1942.jpg"
"75","image_870.jpg","1958.jpg","Michael",0,"images_2-23-23/","images_2-23-23/1958.jpg"
"76","image_871.jpg","1959.jpg","Michael",0,"images_2-23-23/","images_2-23-23/1959.jpg"
"77","image_897.jpg","1987.jpg","Michael",0,"images_2-23-23/","images_2-23-23/1987.jpg"
"78","image_968.jpg","2066.jpg","Michael",0,"images_2-23-23/","images_2-23-23/2066.jpg"
"79","image_973.jpg","2072.jpg","Michael",0,"images_2-23-23/","images_2-23-23/2072.jpg"
"80","image_980.jpg","2080.jpg","Michael",0,"images_2-23-23/","images_2-23-23/2080.jpg"
